linked_from,linked_to
leagueoflegends,teamredditteams
theredlion,soccer
inlandempire,bikela
nfl,cfb
playmygame,gamedev
dogemarket,dogecoin
locationbot,legaladvice
indiefied,aww
posthardcore,bestof2013
posthardcore,corejerk
gfycat,india
metalcore,bestof2013
metalcore,corejerk
suicidewatch,offmychest
dogecoin,novacoin
gaming4gamers,fallout
kpop,dota2
airsoft,airsoftmarket
circlebroke,childfree
tribes,games
oldschoolcoolnsfw,pics
fl_vapers,vaperequests
jailbreak,flextweak
corejerk,bestof2013
iama,todayilearned
bandnames,books
thedoctorstravels,hungergamesrp
politicaldiscussion,todayilearned
uncomfortableqs,debatereligion
connecticut,ctbeer
metafitnesscirclejerk,fitnesscirclejerk
srssucks,funny
thehiddenbar,writingprompts
circlejerkcopypasta,askreddit
karmaconspiracy,funny
denverbroncos,seahawks
askreddit,todayilearned
civcraft,leningrad
gaybros,askreddit
turntablists,vinyl
minecraftbattles,minecraft
highqualitygifs,bestof2013
reactiongifs,bestof2013
badkarma,gamesell
civcraft,lifeprotips
writingprompts,pics
bluebirds,soccer
askanthropology,askhistorians
hailcorporate,firstworldanarchists
badhistory,worldpolitics
jobs4dogecoins,dogecoin
swoleacceptance,gainit
conspiratard,badscience